fname,label,Acoustic_guitar,Bass_drum,Cello,Clarinet,Double_bass,Flute,Hi-hat,Saxophone,Snare_drum,Violin_or_fiddle,y_pred
5388d14d.wav,Saxophone,0.00010647142335074022,0.00015518000873271376,0.009845606051385403,8.45355389174074e-05,0.0010664361761882901,0.0034209229052066803,3.6909631262460607e-07,0.9734148979187012,1.8600254406919703e-05,0.011887038126587868,Saxophone
c685f05f.wav,Saxophone,1.1061702934966888e-05,7.6041862484999e-05,0.00023922267428133637,0.00030066529870964587,3.9626340253562375e-07,7.022471254458651e-05,2.4693189715208064e-08,0.9992551207542419,2.8399183520377846e-06,4.445105150807649e-05,Saxophone
36d20ab5.wav,Saxophone,5.527480607270263e-05,3.3046704629668966e-05,0.0011921600671485066,0.0002712053246796131,0.00013803561159875244,0.0019139079377055168,7.99405370344175e-06,0.99374920129776,5.77898281335365e-05,0.0025814517866820097,Saxophone
d6665734.wav,Saxophone,0.0005173921235837042,0.00011787412222474813,0.013075086288154125,0.0001802020997274667,0.0004997235373593867,0.0024761399254202843,4.190923448277317e-07,0.9758790135383606,0.005581901408731937,0.0016725201858207583,Saxophone
7352e28f.wav,Saxophone,4.762891876453068e-06,2.080400851589559e-10,0.00014170935901347548,0.0007663111318834126,3.825713434935096e-08,0.04227067902684212,2.5093037456930256e-12,0.9568161368370056,8.31945415336044e-11,2.6391907681500015e-07,Saxophone
8fa096bf.wav,Saxophone,3.5714733712666202e-06,5.7180704970960505e-06,0.0004145747807342559,0.00016201596008613706,1.768876956020904e-07,0.017909884452819824,6.928160587449383e-07,0.981090784072876,3.966365329688415e-05,0.0003730082244146615,Saxophone
2f9c5f62.wav,Saxophone,1.9005252397619188e-05,2.564397050264233e-07,3.902927346643992e-05,0.03012021631002426,5.428566146292724e-05,0.0003876183764077723,5.560874427601448e-09,0.9625217914581299,0.0067078243009746075,0.00014989811461418867,Saxophone
9cd05a2b.wav,Saxophone,5.2349773795867804e-06,1.4731614816909655e-09,0.0013937929179519415,0.00013378470612224191,1.255722622772737e-06,0.022356465458869934,7.593268236405493e-08,0.974472165107727,0.0007892193389125168,0.0008488117018714547,Saxophone
ab465bf9.wav,Saxophone,3.533243670972297e-07,6.781088277701963e-14,1.1298352546873502e-05,0.000173369946423918,2.3561055328968905e-08,0.02418934740126133,4.1196385902218455e-14,0.9756251573562622,1.6501503807830886e-07,8.973315601679133e-08,Saxophone
c40632d7.wav,Saxophone,0.009197749197483063,1.6662985217408277e-05,0.01948225125670433,0.017036503180861473,0.0002522983413655311,0.008736999705433846,1.1831225492642261e-06,0.9231924414634705,0.00955621711909771,0.01252767164260149,Saxophone
3a80061f.wav,Saxophone,0.00040768185863271356,0.00024063001910690218,0.000969125481788069,9.333467460237443e-06,4.85234304505866e-05,0.01410906482487917,5.522239007405005e-06,0.9680513143539429,0.015923360362648964,0.00023541155678685755,Saxophone
dba6817d.wav,Saxophone,1.5037753655633423e-06,6.456393579490349e-12,0.000183675394509919,2.0535419025691226e-05,9.974005621415927e-08,1.4794426533626392e-05,1.4733335774508305e-05,0.999535322189331,1.1980085901086568e-06,0.00022816746786702424,Saxophone
25f26095.wav,Saxophone,1.705770529270012e-07,7.377989822998643e-05,0.0004594885394908488,0.00010561013186816126,8.080349289230071e-06,0.00218811072409153,5.599620322982446e-08,0.9969456791877747,1.8825625147655956e-06,0.00021700907382182777,Saxophone
37cebbd4.wav,Saxophone,3.2781504160084296e-06,8.377438298623474e-09,5.226636858424172e-05,0.00011441664537414908,2.2664351490675472e-05,0.0012538174632936716,9.706639658713101e-11,0.9984114170074463,2.4731836134606056e-08,0.00014214578550308943,Saxophone
f8d96888.wav,Saxophone,0.009921750985085964,3.4657734886422986e-06,0.004527315963059664,0.00013746872718911618,3.896298039762769e-06,0.011653732508420944,9.781848348211497e-06,0.9690762162208557,0.004037684760987759,0.0006286778952926397,Saxophone
d94c94f0.wav,Saxophone,0.0008757967152632773,5.80364712732262e-06,0.0014577823458239436,4.938392885378562e-05,6.780064722988755e-07,0.005403582938015461,9.790257848862893e-08,0.9888531565666199,0.00011718923633452505,0.003236468182876706,Saxophone
ec6afeb6.wav,Saxophone,1.8443316207594762e-07,1.9046704491376687e-10,0.00019656440417747945,3.9464903238695115e-05,0.003523461055010557,0.009508419781923294,8.10091882463837e-10,0.9867286682128906,7.380049993344073e-08,3.4404795314912917e-06,Saxophone
5f0dc8e4.wav,Saxophone,1.563247678859625e-05,3.917071253809043e-15,3.8194575608940795e-06,0.028083443641662598,2.175036968310451e-07,1.8706445189309306e-05,1.6743512026612568e-16,0.9718766212463379,6.019635065968032e-07,9.593552476871992e-07,Saxophone
b8c0a88a.wav,Saxophone,9.49068726185942e-06,7.28472004940528e-10,0.001109411707147956,2.707119165279437e-05,1.763511863828171e-05,0.02595721185207367,5.669890945636524e-11,0.9728733897209167,4.73731006422895e-06,9.363836852571694e-07,Saxophone
96dad435.wav,Saxophone,0.00926288589835167,1.1760789675463457e-08,0.00014877441572025418,0.03407454490661621,0.002245673444122076,0.049651723355054855,4.2564182733961786e-10,0.904507577419281,0.0001061388393281959,2.623801947265747e-06,Saxophone
b120dc90.wav,Saxophone,1.1603770872170571e-05,0.000314199278363958,0.013132264837622643,0.0002920166007243097,0.00020112853962928057,0.002060740254819393,7.51541548993373e-08,0.9838552474975586,3.861845016217558e-06,0.00012898631393909454,Saxophone
c1948f24.wav,Saxophone,1.816067955739964e-11,9.987171090131142e-10,1.4911362086422741e-05,2.4115237465593964e-05,1.4451613239430117e-08,0.015875080600380898,7.283245729607091e-13,0.9840859174728394,1.4609239165630505e-11,2.5485199728336738e-08,Saxophone
ac097834.wav,Saxophone,2.5246103177778423e-05,4.889909588357e-10,0.0010312966769561172,0.00010586046846583486,1.0426138032926247e-05,0.013560844585299492,2.909991962951608e-05,0.9851981997489929,2.2461522348748986e-06,3.6817145883105695e-05,Saxophone
4345851e.wav,Saxophone,0.008871975354850292,3.061138841076172e-06,0.0007465361850336194,7.366640147665748e-06,3.8421076169470325e-05,0.002287487266585231,9.533581923903967e-09,0.9880123734474182,2.537353429943323e-05,7.675246706639882e-06,Saxophone
5d4f8187.wav,Saxophone,8.977604920801241e-06,0.00038869306445121765,0.0006791630876250565,4.7068653657333925e-05,0.00015135023568291217,0.0004589420568663627,4.1788871385506354e-07,0.9827499985694885,0.015444695018231869,7.084593380568549e-05,Saxophone
b83049f4.wav,Saxophone,1.2803524441551417e-05,3.332707638037391e-05,0.0010505672544240952,0.01360154990106821,3.674932486319449e-06,0.00041794500430114567,1.7519248274311394e-08,0.9848672151565552,8.249682650784962e-06,4.528093541011913e-06,Saxophone
c1c3c8b9.wav,Saxophone,6.051194759493228e-06,8.982405375057567e-10,9.921242053678725e-06,0.0009011024958454072,0.007377830799669027,0.004639953840523958,2.792645455163001e-11,0.9870405197143555,3.5699621037110774e-10,2.4712851882213727e-05,Saxophone
78a86075.wav,Saxophone,6.589505210286006e-05,8.471632781947847e-07,0.018822817131876945,0.0007040454656817019,5.242100655777904e-07,0.0005001680692657828,2.4407171395068872e-08,0.979590892791748,9.538314316159813e-07,0.00031379112624563277,Saxophone
f0d315bc.wav,Saxophone,0.0013222814304754138,2.612208049868059e-08,0.0020543215796351433,0.00013408846280071884,1.9882074866472976e-06,0.001553291454911232,1.7678180697089374e-08,0.993180513381958,5.755309757660143e-06,0.0017475701170042157,Saxophone
9c0838c1.wav,Saxophone,9.437432890990749e-05,3.451054453762481e-06,0.006004130467772484,2.929649235738907e-05,7.74654617998749e-05,0.011190506629645824,4.9275861613296e-08,0.9813670516014099,0.0011379093630239367,9.564180072629824e-05,Saxophone
d6144e01.wav,Violin_or_fiddle,1.0493951263512713e-09,2.1022975183048814e-26,1.9838423438722774e-12,2.374342678024277e-08,1.5703818453949303e-12,1.3668832403023346e-14,6.196485111045064e-14,2.17426701643042e-11,3.249057912628661e-18,1.0,Violin_or_fiddle
cfb9c5fd.wav,Violin_or_fiddle,0.008280678652226925,0.010090726427733898,0.05540425330400467,0.008392279967665672,0.0038737966679036617,0.014322372153401375,4.60928822576534e-05,0.006713435985147953,0.007940820418298244,0.8849354386329651,Violin_or_fiddle
c6865306.wav,Violin_or_fiddle,0.06006860360503197,3.214667287920747e-07,0.03315798565745354,0.008659183979034424,0.00014648008800577372,0.025788510218262672,0.0001429588592145592,0.03063162975013256,0.02306991256773472,0.8183345794677734,Violin_or_fiddle
642aba58.wav,Violin_or_fiddle,5.955501910648309e-05,1.4562572232534876e-06,1.3690626019524643e-06,2.0188092548778513e-06,6.347928865579888e-05,0.0003001200966536999,1.8231556708769858e-08,0.0003389712073840201,2.2248805180424824e-06,0.9992308020591736,Violin_or_fiddle
848faca3.wav,Violin_or_fiddle,0.00010564376134425402,0.00018648451077751815,0.0004166907165199518,0.0002671918773557991,0.00015026498294901103,0.0028999303467571735,2.179809577285141e-08,0.00011077113595092669,1.273440801696779e-07,0.9958628416061401,Violin_or_fiddle
7eb9dac0.wav,Violin_or_fiddle,0.0015529980883002281,0.00010115597251569852,0.012935347855091095,0.0029309990350157022,0.0002164306351915002,0.0012103401822969317,0.0003359912661835551,0.0007806426146999002,0.009048779495060444,0.9708873629570007,Violin_or_fiddle
8d7d7dba.wav,Violin_or_fiddle,0.010080837644636631,0.004744293633848429,0.025844793766736984,0.0005662091425620019,0.00018358133092988282,0.01747036911547184,2.9344432732614223e-06,0.021205807104706764,0.0032884993124753237,0.9166128039360046,Violin_or_fiddle
2424ad60.wav,Violin_or_fiddle,0.00025631565949879587,0.0007736239349469543,0.004943512845784426,0.0029033818282186985,0.0007599793607369065,0.0014732584822922945,6.019501597620547e-06,0.006579485721886158,0.0012069091899320483,0.9810975790023804,Violin_or_fiddle
ba648ac1.wav,Violin_or_fiddle,0.0013328288914635777,1.769057234923821e-05,0.0013737038243561983,0.00012876055552624166,8.294430881505832e-05,1.4428082067752257e-05,1.1057736060138268e-08,7.287411426659673e-05,7.480330168618821e-06,0.9969692230224609,Violin_or_fiddle
2e4a9850.wav,Violin_or_fiddle,2.148011390090687e-06,6.5609501338770304e-12,2.5297060346929356e-05,7.1550466600456275e-06,2.9632025999593026e-11,6.287869069865337e-08,1.7954869591108036e-08,0.0003939943271689117,1.8558530427981168e-06,0.9995694160461426,Violin_or_fiddle
2cc8683d.wav,Violin_or_fiddle,0.002914150943979621,0.0017661488382145762,0.029071388766169548,0.0005561216967180371,0.0004055429308209568,0.010382835753262043,5.098581368656596e-06,0.004147096071392298,0.004822325427085161,0.9459293484687805,Violin_or_fiddle
7b6a119e.wav,Violin_or_fiddle,7.070966603350826e-07,3.4084711676631452e-15,2.641814376147522e-07,5.10951458920772e-08,4.503966644087143e-10,4.909843028144678e-06,9.811576546780998e-07,1.1464977411890231e-08,1.0462892987561645e-06,0.9999920725822449,Violin_or_fiddle
68589f79.wav,Violin_or_fiddle,0.001296249101869762,0.00520617188885808,0.04480626434087753,0.00024372432380914688,0.003633368294686079,0.00026203232118859887,3.3051637728931382e-06,7.836434815544635e-05,2.8975377063034102e-05,0.944441556930542,Violin_or_fiddle
fec00143.wav,Violin_or_fiddle,1.36308153741993e-06,1.7469753643695185e-08,1.624011929379776e-05,5.6466760725015774e-06,3.237170744796458e-07,0.00030133387190289795,1.6600089081109104e-09,0.00030973649700172246,7.154269399123336e-10,0.9993653297424316,Violin_or_fiddle
1b24c166.wav,Violin_or_fiddle,0.0022930612321943045,0.00541059672832489,0.03146733343601227,0.009440883062779903,0.0053019109182059765,0.009230163879692554,3.122413909295574e-05,0.0471997931599617,0.00023251429956872016,0.8893925547599792,Violin_or_fiddle
6eb59008.wav,Violin_or_fiddle,5.37937376066111e-05,1.609753476350395e-11,6.796054367441684e-05,1.886415520857554e-05,5.7530737507249796e-08,7.630281470483169e-05,1.0926584081971669e-08,2.8810486583097372e-06,4.6375116653507575e-05,0.9997337460517883,Violin_or_fiddle
0e7cd4eb.wav,Violin_or_fiddle,0.0032748274970799685,0.0017430640291422606,0.015505095012485981,0.000899092701729387,0.023639796301722527,0.0027952054515480995,1.4566141999239335e-06,0.0008606829796917737,0.013053038157522678,0.9382275938987732,Violin_or_fiddle
56e79c6f.wav,Violin_or_fiddle,1.8129012460121885e-05,1.0583151022203197e-09,0.019621366634964943,0.0002464470744598657,7.664681106689386e-06,0.025573797523975372,1.3655989050675998e-06,0.004336429759860039,1.1062758858315647e-05,0.9501837491989136,Violin_or_fiddle
cdc5fe8e.wav,Violin_or_fiddle,0.0024131138343364,7.397979061352089e-06,0.002135409275069833,0.00028309578192420304,0.003054956439882517,0.16692610085010529,2.69411060571656e-07,0.004657357931137085,0.0005973711959086359,0.8199248909950256,Violin_or_fiddle
b38409bb.wav,Violin_or_fiddle,6.392172480218505e-08,3.4088178243671385e-13,9.332366971648298e-06,2.6225232431897894e-05,2.118117459204427e-09,5.295123628457077e-08,3.4375879920389707e-10,2.459049937897362e-06,4.264713859836178e-10,0.9999619126319885,Violin_or_fiddle
c8c117dc.wav,Violin_or_fiddle,0.0041706194169819355,0.0009975378634408116,0.028618425130844116,2.977042822749354e-05,9.311550820712e-05,0.000200452224817127,2.3811071514501236e-06,0.013885198161005974,0.00160531688015908,0.9503971338272095,Violin_or_fiddle
b73c3595.wav,Violin_or_fiddle,1.9389700955940725e-09,1.953478840209413e-15,1.8673654622602953e-08,2.0318444704514604e-09,3.218569161189677e-11,3.896114680879137e-11,9.065851368228461e-12,7.614871511130161e-10,1.6248984796574106e-11,1.0,Violin_or_fiddle
d84c8c43.wav,Violin_or_fiddle,0.0003668065764941275,0.004123372957110405,0.032759539783000946,0.0010095089673995972,0.004216258879750967,0.0009326456929557025,1.5110438653209712e-05,0.0006385039887391031,7.864858343964443e-05,0.9558596014976501,Violin_or_fiddle
d914225a.wav,Violin_or_fiddle,0.004964125342667103,1.1696764659063774e-06,0.004775413312017918,0.010178053751587868,0.004834997002035379,0.00026516246725805104,7.409066142827214e-07,0.00637378403916955,1.5583154890919104e-05,0.968591034412384,Violin_or_fiddle
1148986e.wav,Violin_or_fiddle,0.0007351895328611135,1.356732468593691e-06,0.00024787033908069134,7.397795229735493e-07,0.00017777676112018526,0.0008515266817994416,1.101567193018127e-07,0.07488654553890228,2.668325396371074e-05,0.923072099685669,Violin_or_fiddle
e3f479f3.wav,Violin_or_fiddle,0.00011310775153106079,1.2883921840511903e-07,0.004553685430437326,4.621801417670213e-05,0.006090680602937937,0.02090509794652462,3.0732647360309784e-07,0.0153329623863101,0.000164967670571059,0.9527929425239563,Violin_or_fiddle
aab28420.wav,Violin_or_fiddle,0.00046034675324335694,0.00592397665604949,0.029411690309643745,0.00035789230605587363,0.0018379781395196915,0.0004741165030281991,4.515143245953368e-06,0.00013600195234175771,2.1997664589434862e-05,0.9613714814186096,Violin_or_fiddle
21346775.wav,Violin_or_fiddle,0.0001255228853551671,9.075742127606645e-05,0.002117537660524249,5.9019850596087053e-05,0.0011432135943323374,0.0012327198637649417,2.094943965857965e-06,0.0001320681330980733,0.00028603742248378694,0.994810938835144,Violin_or_fiddle
cdeece57.wav,Violin_or_fiddle,0.0028979768976569176,4.2457410017959774e-05,0.005004025064408779,0.00013724243035539985,0.0018445338355377316,0.024538423866033554,3.4856910247071937e-07,0.00900683831423521,6.700749509036541e-05,0.9564612507820129,Violin_or_fiddle
c9fb642d.wav,Violin_or_fiddle,0.040754612535238266,0.0011028453009203076,0.0005940227420069277,0.0017776378663256764,0.002813616767525673,0.035580456256866455,1.7115731907324516e-06,0.002644091146066785,0.0005317514296621084,0.9141992926597595,Violin_or_fiddle
078f7ac0.wav,Hi-hat,6.162638216573868e-13,1.3271639646636468e-12,8.499040013432158e-12,1.426736441663412e-12,5.642956657503362e-10,7.452615591319045e-07,0.9998601675033569,1.4844027049210062e-11,2.5722570171637926e-06,0.0001365341158816591,Hi-hat
e897db78.wav,Hi-hat,4.025702514398599e-12,5.151025886753792e-15,2.2410946796252995e-14,9.077202964974385e-13,1.9493599442976794e-11,8.134838580531323e-09,0.9999999403953552,3.2060098797753386e-14,2.286699718467844e-08,4.475910753143353e-09,Hi-hat
b31ed1fb.wav,Hi-hat,1.4695432071221148e-07,7.909780053161342e-10,1.6105060467452859e-06,1.890495759937494e-09,1.1637600216829469e-08,6.326962420644122e-08,0.9755837321281433,1.3473960279952735e-05,0.024366898462176323,3.425727118155919e-05,Hi-hat
06c48eab.wav,Hi-hat,3.68106363168863e-08,1.8933164758205834e-10,0.00017080138786695898,8.786530543147819e-07,4.0512082932764315e-07,2.7134728952660225e-07,0.9379432797431946,4.403788989293389e-05,0.014359516091644764,0.04748069867491722,Hi-hat
2503aaa1.wav,Hi-hat,3.6255321661515794e-11,3.2626269172225317e-15,3.63800933822489e-10,5.589889884305421e-09,3.8140965941124705e-09,5.291429872045228e-08,0.987146258354187,8.076232391185378e-12,1.066993604581512e-09,0.012853729538619518,Hi-hat
3d3439f1.wav,Hi-hat,1.3570264356665973e-10,3.187131532378246e-17,6.822065698811053e-14,2.0711590333955844e-14,6.589101660126051e-12,1.4143225479656962e-10,0.9999988675117493,1.4354452422508262e-15,3.069313336823143e-08,1.0894100341829471e-06,Hi-hat
34a90030.wav,Hi-hat,5.706349709859833e-18,3.0234701853254794e-20,2.533958069414477e-12,2.1088068950439595e-15,1.5803703560645505e-15,3.0490102630176263e-12,1.0,2.6225360965577267e-17,2.0771985900677444e-15,9.582913129690951e-09,Hi-hat
da4b0379.wav,Hi-hat,3.555284777689849e-08,1.069620383847001e-20,3.225273161295311e-17,1.069436219810517e-13,3.818462473298423e-12,1.0362335989277938e-12,0.999996542930603,5.892496056764505e-19,1.0589219778811554e-10,3.4436420719430316e-06,Hi-hat
a090c45a.wav,Hi-hat,4.646090800974889e-08,9.0536704754052e-16,1.3035092728041283e-15,7.851972544381525e-11,5.4777165442443376e-11,2.0498645003641514e-09,0.999981701374054,2.4263764283362355e-13,1.8114036720362492e-05,4.733982805760206e-08,Hi-hat
41897c32.wav,Hi-hat,2.0579206250204152e-07,1.048093990069221e-11,1.907508873078001e-11,1.7569763599567523e-07,1.0589949361872186e-08,5.940550451555282e-08,0.9969309568405151,1.651098318689037e-05,0.0019597942009568214,0.0010922584915533662,Hi-hat
2032be87.wav,Hi-hat,1.1023303319179716e-17,9.729806584617064e-17,2.5137915583346064e-15,8.311217721533072e-15,1.2382781432174195e-14,4.419879573447361e-09,1.0,6.976418141096952e-13,3.6102272282789727e-09,1.6231299637681218e-09,Hi-hat
73677128.wav,Hi-hat,1.18421337845754e-22,3.738363210767064e-21,1.1641355302086474e-18,1.918519884652097e-15,1.3933273759815534e-16,1.6585588154607867e-13,1.0,1.3866106694076228e-16,3.948288568376805e-14,6.913105643491235e-09,Hi-hat
c53a217e.wav,Hi-hat,4.120195355297154e-20,2.061003989718948e-19,7.141004964847169e-16,3.25695111884957e-14,2.1640535403851025e-17,4.918478384990932e-12,1.0,2.859178771698204e-15,2.0625655697270595e-11,1.2093698265047692e-09,Hi-hat
f0dfe343.wav,Hi-hat,5.153414587427685e-12,1.7359680850136789e-15,4.291439026360422e-08,2.7099761723548e-07,1.13538647613428e-13,0.03201761096715927,0.9679162502288818,1.9384642655495554e-05,4.528187247387905e-08,4.643939610105008e-05,Hi-hat
0ed06544.wav,Hi-hat,7.487074767652245e-18,3.0904764704181597e-16,1.400077169779986e-15,5.075405834541538e-14,8.744993119404187e-14,2.1060463595290457e-08,0.999996542930603,6.53706047626379e-11,4.464991931740769e-09,3.490420795060345e-06,Hi-hat
99c96a07.wav,Hi-hat,1.5556055643628497e-07,1.3576019197714118e-09,7.621357017706387e-11,1.0849788623090717e-08,1.8436480120342935e-09,4.595542577590095e-07,0.9990041851997375,1.2413532424204732e-09,0.0009943332988768816,8.519666607753607e-07,Hi-hat
3a3d0279.wav,Hi-hat,2.602278436825145e-05,1.722062874514197e-15,8.49515177306229e-15,5.136531399330124e-06,4.588357072066174e-08,1.1044366532431127e-09,0.9999672770500183,1.1047485625956255e-12,8.84627240793634e-07,7.017309258117166e-07,Hi-hat
612702c3.wav,Hi-hat,3.841983900617317e-14,1.6762113043842201e-18,5.710265837651288e-15,2.5719712275738826e-13,4.40086994624167e-10,1.2729055309801396e-10,0.9999999403953552,4.978580566604657e-15,1.0827768542887029e-10,7.231304977040054e-08,Hi-hat
d6854eb4.wav,Hi-hat,0.0031308727338910103,0.00027027740725316107,0.02169872261583805,0.002456911141052842,1.1966918464167975e-05,0.00984756276011467,0.9002439379692078,0.04361533001065254,0.0007857423042878509,0.017938805744051933,Hi-hat
52300f9b.wav,Hi-hat,2.7177324518450063e-13,5.669571851033745e-21,1.4055991613692864e-11,9.601430067673888e-11,4.1679648480054897e-16,8.046213977215555e-13,0.9999966025352478,1.6768182708234297e-13,2.6418898180224915e-09,3.4007007343461737e-06,Hi-hat
09a1cfd7.wav,Hi-hat,3.5884906157690466e-12,3.60417702898342e-14,1.3496149998352275e-13,9.400410476700927e-07,8.093322539926007e-11,3.905160195216695e-09,0.9999985694885254,1.5187318362554908e-13,3.329310231947602e-07,1.7446718914015946e-07,Hi-hat
3aafb6ad.wav,Hi-hat,3.139970067422837e-05,4.3453852712274643e-13,4.302909530906618e-07,0.00031224588747136295,4.3902526059014235e-09,3.986388946941588e-06,0.9694008827209473,4.631814590538852e-05,5.7022734836209565e-05,0.030147725716233253,Hi-hat
493c247b.wav,Hi-hat,1.178717708630165e-15,3.0435659329146444e-16,1.1535947891383458e-10,1.2772153112905471e-08,9.16848113272431e-14,1.2807270799441994e-09,0.9999940395355225,1.5763319469175308e-11,2.4189521496964517e-09,5.959759164397838e-06,Hi-hat
5ec7ad26.wav,Hi-hat,2.7277865299879522e-08,1.9391321881556678e-11,2.670133558702048e-10,6.331025287353853e-11,1.3024640921344144e-08,5.304558925445235e-08,0.9694374203681946,1.82437315254802e-10,0.030558161437511444,4.401444584800629e-06,Hi-hat
a1b369d7.wav,Hi-hat,1.2647158875722653e-08,1.4418755252265658e-11,1.8520519319553674e-12,1.1902374197347854e-08,1.2278439598389923e-08,4.756095961511164e-09,0.9999725222587585,8.590932338847779e-07,1.1146129509143066e-05,1.542981044622138e-05,Hi-hat
8cd809d3.wav,Hi-hat,1.840958357979261e-10,2.411243947564312e-13,2.2032186279830057e-06,0.0036045610904693604,6.939410712725191e-10,2.5129747882601805e-07,0.9943115711212158,0.0016569974832236767,8.564867312088609e-05,0.0003390326164662838,Hi-hat
aed9d22f.wav,Hi-hat,6.146033335041601e-12,1.3834018439056275e-15,9.805079247441825e-14,1.398971135333285e-13,5.3840182231154957e-14,3.075843579836146e-08,0.9999987483024597,9.724411895303472e-14,1.1427960089349654e-06,3.726203701148734e-08,Hi-hat
a7964699.wav,Hi-hat,1.6167592775673256e-06,3.999945719698056e-14,1.1718866517185234e-06,0.001279635587707162,5.166088445918149e-09,1.2101467063985183e-06,0.9601922631263733,0.00017065290012396872,2.3139067707234062e-05,0.03833041712641716,Hi-hat
da3f8050.wav,Hi-hat,5.177465596685861e-15,8.149136273010067e-15,4.4967859297306845e-11,4.838440759158402e-10,9.181702707167227e-13,2.5456330376982805e-07,0.9839897155761719,8.914185656294649e-08,5.434235106349661e-08,0.016009975224733353,Hi-hat
468f9c4c.wav,Hi-hat,0.005990979261696339,1.3594308256870136e-07,0.0007872636779211462,5.709060133085586e-06,0.00013633516209665686,0.0008832727908156812,0.9888409972190857,0.00017046161519829184,8.633148536318913e-05,0.0030984925106167793,Hi-hat
229be2be.wav,Snare_drum,2.984831155572465e-07,3.418150299694389e-06,3.009557758559822e-07,2.0243279275078407e-11,3.150817207142609e-08,5.326567134034121e-06,5.713393314010773e-09,9.559133218317584e-08,0.9999905824661255,3.5730863601202145e-08,Snare_drum
b6cbc6a9.wav,Snare_drum,8.48226136440644e-07,1.1243206188282784e-07,3.0292977015733413e-09,6.950863495891468e-11,3.5110481189093434e-09,7.850906058592955e-08,4.678092357934815e-10,6.631122460021288e-07,0.9999977946281433,4.748799824483285e-07,Snare_drum
ae7d1c37.wav,Snare_drum,0.0010414288844913244,9.106811660331005e-08,0.0003022764576599002,2.7890733690583147e-05,1.4526879112963798e-06,4.0679027733858675e-05,1.3320871315725125e-11,0.019778182730078697,0.9787999987602234,8.050664291658904e-06,Snare_drum
82d4fb44.wav,Snare_drum,1.9779972717515193e-06,2.5252111512941156e-10,2.8357483472518652e-08,1.1395649979206723e-09,1.917871728096543e-08,3.4196814269193965e-09,3.402426784759882e-09,0.012592168524861336,0.9874055981636047,2.0031696124078735e-07,Snare_drum
4c590f69.wav,Snare_drum,0.0001798545999918133,1.1330678262311267e-06,8.422229257121217e-06,4.499750957620563e-06,7.960774382809177e-06,2.0637815396185033e-05,2.43983180325813e-08,4.559232183964923e-05,0.9997191429138184,1.2714833246718626e-05,Snare_drum
1c9a423f.wav,Snare_drum,3.9671940044172516e-07,9.25651292811927e-14,8.314391379826702e-06,3.9050314626365434e-07,4.182707132038832e-12,7.88529996498255e-06,1.8084673502108926e-14,1.9697105017257854e-05,0.9999048113822937,5.844067345606163e-05,Snare_drum
f0727eac.wav,Snare_drum,1.0354416190239135e-05,1.8327911632809446e-08,7.459826534272906e-09,3.295674011472016e-10,3.25577967363877e-11,1.248333319381345e-06,4.111641160875479e-08,2.888469907702529e-07,0.9999715685844421,1.6522753867320716e-05,Snare_drum
31db8c5e.wav,Snare_drum,0.0010349153308197856,2.0480636067077285e-06,0.005345593672245741,1.6679696557275747e-07,0.0002495718945283443,1.8578456320028636e-06,2.1054715659829526e-07,0.00034414089168421924,0.992921769618988,9.973844134947285e-05,Snare_drum
b86b5a96.wav,Snare_drum,0.00011445110430940986,6.36026197753381e-06,4.098454519407824e-05,1.4585130436728377e-08,5.742818487419754e-08,5.29895714862505e-07,8.515688598720317e-09,3.3041108054021606e-06,0.9998308420181274,3.4763327221298823e-06,Snare_drum
6fca680b.wav,Snare_drum,2.425705133646261e-05,6.81065841945383e-07,0.00021346457651816308,1.0393941010988783e-05,0.00034158272319473326,7.935658459246042e-07,1.1003290639743923e-10,4.556362000585068e-06,0.9994038343429565,5.124495601194212e-07,Snare_drum
1bc8eae1.wav,Snare_drum,0.004204285331070423,5.723430263060436e-07,1.7475669665145688e-05,3.551232907739177e-08,3.2235159324045526e-06,1.5130726751522161e-06,3.9767275694657656e-08,5.264097489998676e-05,0.9957162141799927,3.9414035200024955e-06,Snare_drum
46b52f97.wav,Snare_drum,1.7687203524019424e-07,1.994977072428128e-09,5.575034123239675e-08,9.69428469943523e-07,4.082736637656126e-08,2.4356491934440783e-08,1.0514269455086378e-08,8.918823368730955e-06,0.9999896883964539,5.521681956111024e-08,Snare_drum
0c67f402.wav,Snare_drum,3.978475888288813e-06,7.868240087249845e-11,5.81305066305049e-08,1.3867724746319254e-09,1.5100926065159115e-10,4.5432491102559425e-10,4.0492494746786553e-16,3.0804153539065737e-06,0.9999929666519165,6.1384555216648096e-09,Snare_drum
c8ecbbfd.wav,Snare_drum,3.0713599699083716e-05,1.4596747632822371e-06,9.080913150683045e-05,5.304892169988307e-07,4.6051886783970986e-06,1.9988074200227857e-06,2.4914967866607185e-09,2.2237181838136166e-05,0.9998463988304138,1.2757151353071094e-06,Snare_drum
9f84ea5a.wav,Snare_drum,0.004857643041759729,1.9397493815631606e-06,0.0340808629989624,0.026468371972441673,0.027733968570828438,0.0017662495374679565,9.887333313196578e-11,4.513141902862117e-05,0.9045512080192566,0.0004946235567331314,Snare_drum
e4958adc.wav,Snare_drum,2.6017390464261325e-09,1.5236270023422094e-09,4.308939196562278e-07,3.649926441084972e-07,3.1864558214245164e-10,9.725886229716707e-08,3.8618076678089546e-18,1.607856461305346e-07,0.9999989867210388,3.9605121265884335e-11,Snare_drum
5ce40b1b.wav,Snare_drum,0.0004309936484787613,2.1652515442838194e-06,3.177967664669268e-05,1.3398656051322178e-07,4.236242432398285e-07,2.14452188629366e-06,6.537308916421125e-09,5.9551082813413814e-05,0.999468982219696,3.8030459563742625e-06,Snare_drum
9d308738.wav,Snare_drum,6.743353878846392e-06,1.829678876674734e-05,3.852480949717574e-05,1.785868697368187e-08,3.573055209926679e-06,0.0007617330411449075,1.772887844708748e-05,8.156756848620716e-06,0.9990429282188416,0.00010222656419500709,Snare_drum
1e3391d5.wav,Snare_drum,4.133981292397948e-06,2.6040725131792897e-08,3.0141393381200032e-06,0.0017030222807079554,4.472877662919927e-06,1.4867314348521177e-05,2.0652828947899382e-13,0.0003359963884577155,0.9979339241981506,5.164638992027903e-07,Snare_drum
ff3f21e7.wav,Snare_drum,0.0008918675594031811,0.00014121529238764197,2.218513509433251e-05,0.00017072109039872885,2.719267286011018e-06,0.010389989241957664,5.051991891491525e-08,9.699369547888637e-05,0.9873205423355103,0.000963654019869864,Snare_drum
b68f10af.wav,Snare_drum,0.00026352916029281914,0.0013068725820630789,0.000230944569921121,1.9102139958704356e-06,1.1333760085108224e-05,0.0003391813370399177,8.041743058129214e-07,0.006815006490796804,0.9908643960952759,0.00016616997891105711,Snare_drum
e8e00924.wav,Snare_drum,0.00013020355254411697,1.0768225422452815e-07,0.000423164339736104,3.9206305757488735e-08,4.1030767761185416e-07,2.298350523233239e-07,5.372113776047627e-08,2.6129831894650124e-05,0.9992581605911255,0.00016152480384334922,Snare_drum
22e1c02c.wav,Snare_drum,0.0001912517036544159,1.4747057321073953e-05,0.00013965071411803365,4.489457694489829e-07,1.3704717503060238e-06,4.200350304017775e-05,4.2969190872099716e-07,8.811702173261438e-06,0.9995627999305725,3.850773282465525e-05,Snare_drum
5c33d972.wav,Snare_drum,0.08623583614826202,0.003419437911361456,0.039487943053245544,0.0031122055370360613,0.014610985293984413,0.0006274349289014935,1.4907731383573264e-05,0.0007606733124703169,0.8015826940536499,0.05014784261584282,Snare_drum
9320c55f.wav,Snare_drum,9.431543003302068e-05,0.00023349425464402884,0.0001046419856720604,1.8150610969769332e-07,1.1374287396392901e-06,0.00031159265199676156,8.321359928231686e-06,0.0004137633368372917,0.9974055290222168,0.001427049282938242,Snare_drum
f1754aea.wav,Snare_drum,1.836110277508851e-05,0.00010017008025897667,1.3581356142822187e-05,2.9223212738571647e-09,4.860211788582092e-07,1.466400226490805e-05,9.195118444438322e-09,5.131248326506466e-05,0.9998006224632263,8.78975640716817e-07,Snare_drum
b218444c.wav,Snare_drum,0.0001594380009919405,1.58325903498735e-07,0.003702947637066245,0.00015312332834582776,0.00024734760518185794,9.896023584587965e-06,1.797784818791115e-07,8.119871927192435e-05,0.9943637251853943,0.0012819431722164154,Snare_drum
36d06cc0.wav,Snare_drum,5.202798092796002e-06,6.4739928973267524e-09,4.3627224499687145e-08,1.2798135884395379e-09,5.30573545168278e-12,5.027772087551341e-10,8.961287635872827e-17,4.771278781845467e-06,0.9999899864196777,1.7250572525995267e-08,Snare_drum
4c4d4797.wav,Snare_drum,5.513149972102838e-06,7.258817902311421e-08,4.908424216409912e-06,0.0026756003499031067,8.458551405965409e-07,1.4472097063844558e-05,3.5083029814586553e-09,5.7703775382833555e-05,0.9971160292625427,0.00012489226355683059,Snare_drum
cae0d841.wav,Snare_drum,8.612398687546374e-07,4.609990167381284e-10,3.322025676766316e-08,8.329459433298325e-08,2.571980406429475e-10,8.863033872330561e-05,7.544635849399128e-08,3.1852462143433513e-06,0.9998953938484192,1.1713436833815649e-05,Snare_drum
17f82c05.wav,Acoustic_guitar,0.7488434314727783,0.0013418305898085237,0.12039262056350708,0.0006106501678004861,0.05982505530118942,0.007685036398470402,8.698267265572213e-06,0.014900131151080132,0.01816645823419094,0.028226254507899284,Acoustic_guitar
0eeaebcb.wav,Acoustic_guitar,0.9695060849189758,7.839034878998064e-06,0.0017273143166676164,0.0004013478755950928,8.92857315193396e-06,0.02825087308883667,4.757366332341917e-05,4.321119195083156e-05,5.513345058716368e-06,1.4800161807215773e-06,Acoustic_guitar
e92bf0fa.wav,Acoustic_guitar,0.9874594807624817,2.0901428854358528e-07,0.0032080623786896467,0.0007763421745039523,0.0007809550734236836,0.0025855684652924538,2.408356749583618e-07,0.00012112734839320183,0.00011587414337554947,0.004952090792357922,Acoustic_guitar
10da16fb.wav,Acoustic_guitar,0.9458605647087097,1.2031007301516183e-08,2.745378515101038e-05,0.00834740698337555,5.21133333677426e-05,0.005485629662871361,3.182890040420716e-08,0.00027517369017004967,1.511489062977489e-05,0.03993649408221245,Acoustic_guitar
a25423a8.wav,Acoustic_guitar,0.9388096332550049,1.3779035725747235e-05,0.00019741001597139984,0.0004733472887892276,0.04561025649309158,0.003127269446849823,5.169473182853324e-10,0.01176516804844141,2.559920403655269e-06,5.302598538037273e-07,Acoustic_guitar
16c9a838.wav,Acoustic_guitar,0.9780023097991943,2.3930217594170244e-06,0.0002635913260746747,0.0009857324184849858,0.0012219876516610384,0.001454541110433638,5.641971334569007e-09,3.1576695619150996e-05,9.68918357102666e-06,0.018028199672698975,Acoustic_guitar
70ca9c77.wav,Acoustic_guitar,0.8841814398765564,1.0094442586705554e-05,0.02591303549706936,0.04292815551161766,0.03337372839450836,0.011407039128243923,5.377201617307037e-08,5.6912354921223596e-05,0.0017401683144271374,0.0003892984823323786,Acoustic_guitar
38216fad.wav,Acoustic_guitar,0.9325557947158813,0.012138851918280125,0.010660408064723015,3.8763333577662706e-05,0.010925755836069584,0.028494469821453094,2.022767375819967e-07,0.0006541024777106941,0.0010462559293955564,0.0034854186233133078,Acoustic_guitar
d8a257e5.wav,Acoustic_guitar,0.9922735691070557,0.00014528262545354664,0.0017505548894405365,0.0026633378583937883,0.001297115464694798,7.209392788354307e-05,5.653673724737018e-07,5.141169822309166e-05,0.0016228868626058102,0.00012325258285272866,Acoustic_guitar
7506dcc4.wav,Acoustic_guitar,0.8935027122497559,6.88414672822546e-07,2.1011852368246764e-05,0.08283314108848572,0.000337111676344648,1.61329114689579e-06,1.786265713121793e-08,1.8450922425472527e-06,0.02330167032778263,4.206263497508189e-07,Acoustic_guitar
a6728901.wav,Acoustic_guitar,0.9841820597648621,7.00698960659496e-12,0.00010710940841818228,1.527191670902539e-06,3.349835822064051e-07,4.932163847115589e-06,2.564740952948341e-06,1.0713591791500221e-07,9.136534862008716e-10,0.015701130032539368,Acoustic_guitar
b88322f6.wav,Acoustic_guitar,0.97562575340271,2.4633352495584404e-06,0.004522332921624184,1.961162041652642e-07,0.0001443963119527325,0.018659692257642746,8.418289398903767e-10,0.001038538059219718,5.7127117543132044e-06,9.693535503174644e-07,Acoustic_guitar
35039ae1.wav,Acoustic_guitar,0.9664721488952637,5.03332057633088e-06,0.0019838998559862375,2.515536834835075e-06,0.0024885304737836123,0.02860753796994686,6.1347000155365095e-06,0.00031718736863695085,2.0742410924867727e-05,9.628633415559307e-05,Acoustic_guitar
236cbab1.wav,Acoustic_guitar,0.9376405477523804,0.0005476432270370424,0.008874500170350075,0.00426845857873559,0.017903659492731094,0.00023990847694221884,1.0934253396044369e-06,0.011269718408584595,0.017043082043528557,0.0022112855222076178,Acoustic_guitar
0356dec7.wav,Acoustic_guitar,0.9365540742874146,0.00023572248755954206,0.009155972860753536,2.1072626623208635e-05,0.0008263993076980114,0.0007692230865359306,1.7573768218426267e-07,0.028354261070489883,0.004839758854359388,0.01924334093928337,Acoustic_guitar
bb1f5874.wav,Acoustic_guitar,0.9892550706863403,7.19670538273931e-07,0.0012054948601871729,0.00017083616694435477,0.0024187113158404827,0.0019108757842332125,5.583707206824329e-06,0.001293306821025908,0.00020223268074914813,0.003537273732945323,Acoustic_guitar
34747922.wav,Acoustic_guitar,0.9860278367996216,2.938400101015759e-08,0.0020738232415169477,7.835581527615432e-06,0.00033485537278465927,0.009045987389981747,3.466468115220778e-05,0.0019008005037903786,2.3123983794448577e-07,0.0005738987820222974,Acoustic_guitar
44fb3eeb.wav,Acoustic_guitar,0.9699084758758545,6.908113525661008e-10,0.02619551494717598,1.6054337947934982e-06,0.000164611657964997,0.00012775124923791736,1.8614613281897618e-06,0.0004001289198640734,2.3749998945277184e-07,0.003199938451871276,Acoustic_guitar
367ad7b1.wav,Acoustic_guitar,0.9190636277198792,5.601987140835263e-07,0.0008625807240605354,0.000288737122900784,0.05624336376786232,0.0005784791428595781,1.1637349643933703e-06,0.017349550500512123,0.0011028755689039826,0.004508964251726866,Acoustic_guitar
160c92d7.wav,Acoustic_guitar,0.9057394862174988,1.2762498954543844e-05,1.401630652253516e-05,0.00033906291355378926,3.25837499985937e-05,0.029265644028782845,2.447438021135895e-07,5.6519429563195445e-06,1.913685082399752e-06,0.06458871066570282,Acoustic_guitar
2016d256.wav,Acoustic_guitar,0.6417014002799988,1.1143670486163035e-13,2.7300424143561486e-09,0.3569576144218445,5.0236034439876676e-05,1.469602125325764e-06,1.6350937964704215e-11,5.1700379088970294e-08,4.9752881814413286e-09,0.0012891982914879918,Acoustic_guitar
fc55d588.wav,Acoustic_guitar,0.9619147181510925,8.593245729571208e-05,0.005717667751014233,0.0009250849834643304,0.0003878621500916779,0.02919800952076912,2.253974606958309e-08,0.001699191750958562,1.6985095498966984e-05,5.4500367696164176e-05,Acoustic_guitar
c7846d27.wav,Acoustic_guitar,0.9981744289398193,1.0893292934355259e-09,0.0007870784611441195,1.1714758329617325e-05,1.1336760863400741e-08,0.000923342420719564,3.486528044049919e-08,1.2432864423317369e-05,3.982990604001202e-10,9.092364780372009e-05,Acoustic_guitar
55822aae.wav,Acoustic_guitar,0.940090000629425,2.307867134732078e-06,0.004969672299921513,0.013941198587417603,0.001412833807989955,0.02382190153002739,5.010671770833142e-07,0.007684041745960712,0.004658420570194721,0.0034192726016044617,Acoustic_guitar
9923ddf8.wav,Acoustic_guitar,0.9999998211860657,6.016635910976437e-18,9.025625638038083e-15,1.7018992082284967e-07,1.60478663691066e-09,1.5370668071668092e-09,7.853753238029615e-12,2.383261240063877e-15,1.7348840463185522e-12,1.7307735689087167e-08,Acoustic_guitar
32dee61b.wav,Acoustic_guitar,0.9047611951828003,0.009867275133728981,0.028719088062644005,0.0005980320856906474,0.004524567164480686,0.012126551009714603,2.289228177687619e-06,0.0023378899786621332,2.6278354198439047e-05,0.037036873400211334,Acoustic_guitar
fa4d4a92.wav,Acoustic_guitar,0.9152937531471252,3.0987295758677647e-05,0.0006704232073388994,0.008309456519782543,0.07289011031389236,2.513983054086566e-05,1.8561082670842666e-09,2.6675614208215848e-05,0.002753254259005189,3.430518518143799e-07,Acoustic_guitar
8da75280.wav,Acoustic_guitar,0.9476882815361023,3.637298141256906e-05,0.00956586841493845,0.0006596404709853232,0.04040317237377167,0.00010556575580267236,2.6646423734177915e-08,0.0009286809363402426,0.0005843315739184618,2.8159782232251018e-05,Acoustic_guitar
b2261238.wav,Acoustic_guitar,0.9509243965148926,1.775115742930211e-05,0.0020283483900129795,0.0001652624923735857,4.5705986849498004e-05,0.0007602729601785541,5.069848702987656e-05,0.025642147287726402,0.01625153049826622,0.0041139572858810425,Acoustic_guitar
673defaf.wav,Acoustic_guitar,0.9996355772018433,1.4162009238927187e-12,4.835180789086735e-07,2.1976320567773655e-06,1.9641157589234126e-09,0.00018003719742409885,2.4410926613427364e-08,0.00015637646720279008,6.245671357874016e-08,2.5158864445984364e-05,Acoustic_guitar
e6597186.wav,Double_bass,0.23777425289154053,3.616331014200114e-05,0.013966070488095284,4.11390901717823e-05,0.7479939460754395,2.206085446232464e-05,1.3263475873159791e-09,1.4650669299953734e-06,7.716184882156085e-06,0.000157293034135364,Double_bass
fcfafbc8.wav,Double_bass,0.006107189692556858,1.921918556035962e-05,0.07728243619203568,5.6855027651181445e-05,0.916458249092102,2.0066590877831914e-06,1.4343994880761102e-09,3.921834093034704e-07,6.364373984979466e-05,9.975778084481135e-06,Double_bass
444f9db5.wav,Double_bass,0.014402244240045547,8.940874977270141e-05,0.0040480694733560085,0.0001396761799696833,0.9122806787490845,0.004006293602287769,5.796413304892667e-08,0.04333314299583435,0.00038350673275999725,0.021317007020115852,Double_bass
19893aa8.wav,Double_bass,0.058075111359357834,0.01747775264084339,0.0316152460873127,0.0042181736789643764,0.8664768934249878,0.007919972762465477,6.68057828079327e-06,4.2190167732769623e-05,0.00041312730172649026,0.01375486422330141,Double_bass
f042282c.wav,Double_bass,0.03969293460249901,0.017859619110822678,0.07549400627613068,0.0009827977046370506,0.8613176941871643,0.001894354005344212,2.5407002794963773e-06,3.9241054764715955e-05,0.0007480589556507766,0.0019689402543008327,Double_bass
95e1d0ae.wav,Double_bass,0.048729307949543,0.0004367331275716424,0.09567943960428238,0.034562595188617706,0.8053193688392639,0.004724504891782999,4.1953433083108393e-07,0.005592125002294779,0.0008141729049384594,0.004141520243138075,Double_bass
595c191d.wav,Double_bass,0.0001164182394859381,0.0005531056667678058,0.0006358830141834915,0.0006116045988164842,0.9926361441612244,4.2278577893739566e-05,1.1538550381828827e-07,0.0044744242914021015,8.475241770611319e-07,0.0009291897295042872,Double_bass
8073923c.wav,Double_bass,0.36675164103507996,0.00010897195897996426,0.06634921580553055,6.653462332906201e-05,0.5658915042877197,0.0003774701908696443,6.093067383972084e-08,1.8587457816465758e-05,0.00026558846002444625,0.00017044003470800817,Double_bass
6efbaf90.wav,Double_bass,0.03576597943902016,0.0010884162038564682,0.0072127776220440865,0.002393903909251094,0.9508706331253052,0.0011203540489077568,9.040985560204717e-07,2.52350109803956e-05,0.0008863117545843124,0.0006355062942020595,Double_bass
642ad7e4.wav,Double_bass,0.024952607229351997,4.474935485632159e-05,0.008968612179160118,1.797436880224268e-06,0.964695930480957,8.908177551347762e-05,1.3581610502910735e-08,7.14849693395081e-06,0.0005332000437192619,0.0007069173152558506,Double_bass
5eadbc6d.wav,Double_bass,0.04133938252925873,0.005994858220219612,0.06308078020811081,0.005504049826413393,0.832840621471405,0.007599739823490381,4.5245096771395765e-06,0.010816719383001328,4.148248990532011e-05,0.03277793899178505,Double_bass
1a7d3f2d.wav,Double_bass,0.08349666744470596,1.4470042515313253e-05,0.17164002358913422,0.02230709046125412,0.7221071720123291,2.3047829017741606e-05,8.404401063977218e-10,1.3729385273109074e-06,0.00023666636843699962,0.00017348241817671806,Double_bass
13da16ae.wav,Double_bass,0.0032782619819045067,2.9277509383973666e-05,0.012233271263539791,0.002173537854105234,0.9819819331169128,0.0002233352861367166,2.395108644748234e-08,3.69861263607163e-05,6.840857622592011e-07,4.280392386135645e-05,Double_bass
103f29e5.wav,Double_bass,0.0012051755329594016,0.0001324397453572601,8.721337508177385e-05,0.0003010695509146899,0.9371604919433594,0.05777362361550331,4.103927153664699e-08,6.619987834710628e-05,2.5135918804153334e-06,0.0032712314277887344,Double_bass
da8ea649.wav,Double_bass,0.022253628820180893,0.0007684770389460027,0.01983257383108139,0.00031252281041815877,0.9567858576774597,7.400446520477999e-06,4.095667804904224e-09,9.028841532199294e-07,6.960651717236033e-06,3.1862004107097164e-05,Double_bass
ca348cbb.wav,Double_bass,0.21320976316928864,1.1116489076812286e-05,0.045479658991098404,6.443414895329624e-05,0.7412058115005493,9.542229236103594e-06,9.473206941112977e-11,4.2433120484020037e-07,5.62398383863183e-07,1.860980410128832e-05,Double_bass
8ce2e863.wav,Double_bass,1.9926626919186674e-05,1.7296655641985126e-05,8.356133912457153e-05,1.110215741562115e-08,0.999615490436554,0.0002637548604980111,7.58508700293703e-10,4.4864201242944546e-09,1.2467157861628664e-10,3.018571348434307e-08,Double_bass
462b676f.wav,Double_bass,0.016916975378990173,0.004716380033642054,0.00395199516788125,0.008951598778367043,0.9473586678504944,0.003879339899867773,6.554180913553864e-07,0.0004758893046528101,7.751666271360591e-05,0.013670878484845161,Double_bass
b428466c.wav,Double_bass,0.010319620370864868,2.4187129383790307e-06,0.007955877110362053,1.7093134019319223e-08,0.9752113819122314,4.613668522779335e-07,2.9563726466896867e-10,3.7472116218850715e-06,0.006470929365605116,3.562780693755485e-05,Double_bass
4fd883bb.wav,Double_bass,0.15463609993457794,3.4308362955925986e-05,0.010858496651053429,0.009759359993040562,0.8246880769729614,1.2754624549415894e-05,5.107938516601962e-10,1.6934504856180865e-06,6.517439032904804e-06,2.693305532375234e-06,Double_bass
2ac8b94f.wav,Double_bass,0.0003704644914250821,0.000425908830948174,0.09112773090600967,5.5256673476833384e-06,0.8688507676124573,0.014131268486380577,8.037126463023014e-06,0.024739284068346024,1.9712915673153475e-05,0.00032116493093781173,Double_bass
c840804f.wav,Double_bass,0.020879652351140976,0.00046389299677684903,0.05833931639790535,1.1125609944429016e-06,0.9187352061271667,0.0001496669283369556,4.154133925737824e-09,5.256354597804602e-06,2.0090814700779447e-07,0.0014258120208978653,Double_bass
f63f3703.wav,Double_bass,0.0005431545432657003,0.0005000206874683499,0.02738111838698387,6.382389983627945e-06,0.9492180943489075,5.153076926944777e-06,1.0508579562085174e-09,5.735741979151499e-07,7.382988886917019e-09,0.022345520555973053,Double_bass
c0ddf010.wav,Double_bass,0.02288578450679779,0.0021977429278194904,0.06842058151960373,0.0002893450146075338,0.8997120261192322,0.0005968349287286401,4.1989048327195633e-07,0.00016476034943480045,3.1057661544764414e-05,0.00570145808160305,Double_bass
a0cbe92e.wav,Double_bass,0.01424444280564785,0.01710652746260166,0.05357196182012558,0.0167436134070158,0.8868700861930847,0.004597754217684269,2.9910265766375232e-06,0.0015812478959560394,0.00413561100140214,0.00114573840983212,Double_bass
4fb480bf.wav,Double_bass,0.0366811603307724,0.08249742537736893,0.23931042850017548,0.005945704411715269,0.6218923330307007,0.007968863472342491,8.497380622429773e-05,0.00010712914809118956,0.00021044412278570235,0.0053016552701592445,Double_bass
9dd0141c.wav,Double_bass,0.005158180836588144,2.8639553420362063e-05,0.03473949432373047,0.00015865483146626502,0.8886920213699341,0.06460848450660706,2.4088109285003156e-08,0.0008096679230220616,5.6040240451693535e-05,0.005748840048909187,Double_bass
deb87700.wav,Double_bass,0.00231971126049757,0.006153129041194916,0.01060656551271677,0.00014549095067195594,0.9779016375541687,0.0018513038521632552,2.6806008463609032e-05,5.959641839581309e-06,0.0007073526503518224,0.0002819799119606614,Double_bass
e0ecd1a6.wav,Double_bass,0.15922139585018158,9.195612801704556e-05,0.09859530627727509,0.10434412211179733,0.6341869235038757,0.00023291350225917995,2.8025783915808233e-09,8.883597729436588e-06,0.002632046351209283,0.0006864332826808095,Double_bass
0286fc27.wav,Double_bass,0.0016701726708561182,0.0012266762787476182,0.0383305549621582,0.001985688926652074,0.9509498476982117,0.0013604825362563133,3.485400611680234e-06,0.001210802118293941,0.00012335575593169779,0.0031389123760163784,Double_bass
e2d993ec.wav,Cello,0.025245949625968933,0.00026735058054327965,0.9438164234161377,6.607171962969005e-05,0.006609237287193537,0.0034280477557331324,1.1885793355759233e-05,0.0034352662041783333,0.00031532469438388944,0.016804339364171028,Cello
0091fc7f.wav,Cello,0.005689599551260471,0.004583391360938549,0.9032111167907715,0.00416699331253767,0.01140610035508871,0.01863587461411953,7.606854978803312e-06,0.020048707723617554,0.000980669865384698,0.03126998245716095,Cello
e55c5160.wav,Cello,0.007292095571756363,1.3247047718323302e-05,0.9019454717636108,0.0004964534309692681,0.0008832841413095593,0.03454642742872238,3.5896564440918155e-06,0.02685796655714512,0.0027592109981924295,0.025202257558703423,Cello
a59b5a08.wav,Cello,0.04012473300099373,0.008131572976708412,0.882770836353302,0.00117522815708071,0.05085528641939163,0.0007133635808713734,4.985848136129789e-06,0.00010088440467370674,0.0021615999285131693,0.013961562886834145,Cello
88500b88.wav,Cello,0.0046913339756429195,6.274198676692322e-05,0.9569613933563232,1.3129018952895422e-05,0.0002158735878765583,0.017422297969460487,4.947359570905974e-07,0.00919919554144144,0.00014085207658354193,0.01129272859543562,Cello
743ae0f9.wav,Cello,0.0397990457713604,0.009366930462419987,0.8438443541526794,0.0035458083730190992,0.08291520923376083,0.00240310444496572,1.5525283743045293e-05,0.00040890794480219483,0.00018746171554084867,0.017513735219836235,Cello
9e3bc1b6.wav,Cello,0.03557686507701874,8.75532568898052e-05,0.938546359539032,0.0029351837001740932,0.002440408803522587,0.0008678553276695311,8.604631034359045e-07,0.011424192227423191,0.0074525875970721245,0.0006681146332994103,Cello
3e2bddda.wav,Cello,0.0006934527773410082,0.00030187686206772923,0.9226032495498657,8.992687799036503e-05,5.567177367993281e-07,0.001051176805049181,1.4850715160719119e-05,0.04939986392855644,0.0047939312644302845,0.021051032468676567,Cello
d328db67.wav,Cello,0.00010057097824756056,1.6033277461247053e-07,0.982079029083252,9.669589780969545e-05,0.00029593202634714544,0.0014077830128371716,1.2255506590008736e-05,0.00863222498446703,0.002722023753449321,0.004653328098356724,Cello
7d896090.wav,Cello,0.02490556426346302,0.0011682006297633052,0.9010076522827148,0.0011752148857340217,0.004303302615880966,0.016257062554359436,7.435665338562103e-06,0.01780085265636444,0.02062741294503212,0.012747379019856453,Cello
4bff8f32.wav,Cello,0.07849817723035812,0.00023500561655964702,0.8915132880210876,0.00022207443544175476,0.02344432659447193,0.0011237809667363763,8.39472079405823e-07,0.004921098705381155,1.544768201711122e-05,2.5838915462372825e-05,Cello
5e5bca7a.wav,Cello,0.032047923654317856,0.01696838065981865,0.8651101589202881,0.002529533812776208,0.032321322709321976,0.009785620495676994,4.031369462609291e-05,0.0037445910274982452,0.0005907809245400131,0.03686144948005676,Cello
811bf309.wav,Cello,0.0010613679187372327,0.003324552671983838,0.9161969423294067,0.00043602680671028793,0.00700084725394845,0.006701560225337744,0.0004696188261732459,0.001665523392148316,0.0019723675213754177,0.06117120012640953,Cello
5689818f.wav,Cello,0.00929693691432476,0.009941425174474716,0.9333851933479309,0.0010344897164031863,0.024867316707968712,0.005680618342012167,0.00034229925950057805,0.0011520498665049672,0.00029336041188798845,0.014006467536091805,Cello
81d9f077.wav,Cello,0.004263784270733595,0.000488904130179435,0.959820032119751,0.0009680700022727251,0.028650909662246704,0.0010914106387645006,6.893963018228533e-07,0.0025912015698850155,0.0003117340093012899,0.0018131379038095474,Cello
00353774.wav,Cello,0.00010789150837808847,1.6876951121957973e-05,0.9967159032821655,0.00016989307187031955,6.79321055940818e-06,0.002186290919780731,6.65880179440137e-06,0.00034021519240923226,0.0002163416356779635,0.00023315008729696274,Cello
6a210ffa.wav,Cello,0.012853938154876232,0.0002850915479939431,0.9207487106323242,0.002348619280382991,0.05002438649535179,0.0025068451650440693,0.00012342595437075943,0.0005982761504128575,0.008912141434848309,0.0015984303317964077,Cello
e97d9707.wav,Cello,7.743330206722021e-05,0.007516976911574602,0.9360059499740601,0.00013138250506017357,0.009671028703451157,0.0021772091276943684,3.449609266681364e-06,0.0023534635547548532,0.04042992368340492,0.0016330752987414598,Cello
238b16a5.wav,Cello,0.036519791930913925,0.0004080645157955587,0.7998962998390198,0.00010171731992159039,0.1431441307067871,0.013567902147769928,2.4556260541430674e-05,0.00037821728619746864,0.002046127337962389,0.0039132642559707165,Cello
dc5be9d7.wav,Cello,0.020451778545975685,0.00013197404041420668,0.949912965297699,0.0009120692266151309,0.018587961792945862,0.0015615817392244935,1.1862918114502463e-07,0.0075438665226101875,0.0002576092956587672,0.0006402338622137904,Cello
f9653de8.wav,Cello,0.06856503337621689,0.010155702941119671,0.854285717010498,0.0003235637559555471,0.052403610199689865,0.0003334133652970195,6.508017577289138e-06,0.00038745880010537803,1.3065851817373186e-05,0.013525871559977531,Cello
31dbc5c0.wav,Cello,0.02766244299709797,0.0026806278619915247,0.8909022808074951,0.00014476169599220157,0.0046993340365588665,0.018647124990820885,2.8698143523797626e-06,0.0002894761273637414,0.00016519756172783673,0.05480587109923363,Cello
cbc8d551.wav,Cello,0.01875172182917595,0.016224460676312447,0.8212379217147827,0.005429531913250685,0.021229878067970276,0.028652004897594452,0.0028627868741750717,0.010308531112968922,0.006468482781201601,0.068834587931633,Cello
195f544d.wav,Cello,0.018584493547677994,0.0004813465056940913,0.8760495781898499,0.0009456225670874119,0.0022112922742962837,0.007906395010650158,0.0008611944504082203,0.04434464871883392,0.001459362800233066,0.04715602099895477,Cello
22bea889.wav,Cello,0.09413643181324005,0.0017683409387245774,0.7939630746841431,0.02355259843170643,0.08018927276134491,0.0004682237922679633,1.881710289808325e-07,0.0032885903492569923,0.002420158125460148,0.00021328343427740037,Cello
ab8e8ae3.wav,Cello,0.015594616532325745,0.0002572029479779303,0.955133318901062,0.010599274188280106,0.0013532225275412202,0.012904698960483074,9.4726296083536e-05,0.0024793532211333513,0.00037558344774879515,0.001208083238452673,Cello
e70c41d4.wav,Cello,0.006020746659487486,4.162491862302886e-08,0.961110532283783,0.00021744710102211684,8.390580660488922e-06,0.0037458131555467844,1.024422317641438e-06,0.015573866665363312,0.00035019335336983204,0.01297206711024046,Cello
125e6ccf.wav,Cello,0.0002594820980448276,3.905705307261087e-05,0.9963092803955078,0.002320565516129136,5.792544470750727e-05,5.641562529490329e-05,3.872344223054824e-09,0.0006782562704756856,0.0001787846558727324,0.00010020945046562701,Cello
2da9e12a.wav,Cello,0.01263157743960619,0.00019302811415400356,0.94671630859375,2.8920734621351585e-05,0.01464656088501215,0.008187610656023026,3.5948625054516015e-07,0.016983818262815475,0.00015624292427673936,0.00045557599514722824,Cello
34e4d187.wav,Cello,0.03295702859759331,0.002388166030868888,0.9108865261077881,0.0003319082024972886,0.0390654131770134,0.004164998885244131,4.544390685623512e-05,0.006965588312596083,0.0006636527832597494,0.00253130029886961,Cello
52e54bdd.wav,Bass_drum,0.024753902107477188,0.22241735458374023,0.45174312591552734,0.006778652314096689,0.25337228178977966,0.031046656891703606,5.480352047015913e-05,0.0013451772974804044,0.002925815060734749,0.005562160164117813,Cello
6d21ad67.wav,Bass_drum,0.00020750421390403062,0.8615440726280212,0.13520188629627228,0.0002475491492077708,0.0019422145560383797,0.0005160185392014682,3.2310307318539344e-08,1.7815642422647215e-05,1.762652573233936e-05,0.00030513101955875754,Bass_drum
ca3f3698.wav,Bass_drum,0.0005318812909536064,0.9749007821083069,0.0005548850749619305,7.686858225497417e-07,0.02384941838681698,5.808142668684013e-05,4.62398119793761e-09,9.206037066178396e-05,2.236567553381974e-08,1.2180872545286547e-05,Bass_drum
aa9ae956.wav,Bass_drum,0.0014549002517014742,0.9660922288894653,0.02422674372792244,0.0008937697857618332,0.005414108280092478,0.000343027466442436,7.878051633269934e-08,7.511279545724392e-05,6.3292259255831596e-06,0.0014936919324100018,Bass_drum
0ddb4bdf.wav,Bass_drum,0.0002469904429744929,0.9238846898078918,0.02284274250268936,0.003750566393136978,0.047408390790224075,0.0009100058232434094,1.3797969131701393e-06,4.6871999074937776e-05,0.0001083305905922316,0.0007999685476534069,Bass_drum
921eee9d.wav,Bass_drum,0.008401741273701191,0.7325065732002258,0.030140817165374756,0.018472841009497643,0.0012323836563155055,1.3083711564831901e-05,8.306524357237777e-09,0.20158074796199799,0.007176164537668228,0.00047558045480400324,Bass_drum
c153f347.wav,Bass_drum,1.749601142364554e-05,0.9961243867874146,3.5707620554603636e-05,1.134422291215742e-06,0.0037885974161326885,1.9380200683372095e-05,6.727459145317027e-10,6.518582722492283e-06,1.3717036395632931e-08,6.826892786193639e-06,Bass_drum
63e0ab2c.wav,Bass_drum,0.0006664164829999208,0.8783864974975586,0.07072034478187561,0.000127437524497509,0.043974198400974274,0.0005282203201204538,9.931853384159695e-08,1.0112546078744344e-05,1.021646539811627e-06,0.005585570354014635,Bass_drum
88780eac.wav,Bass_drum,0.010244891047477722,0.8596757650375366,0.024009156972169876,0.0008582056034356356,0.023421067744493484,0.03268064185976982,6.0937090893276036e-05,0.0014510934706777334,0.045257601886987686,0.00234060175716877,Bass_drum
bea51ca5.wav,Bass_drum,0.010730933398008347,0.9297053217887878,0.012932675890624523,0.001416066661477089,0.004362843930721283,0.0396161824464798,1.5795747003721772e-06,0.0006000201101414859,4.177359369350597e-05,0.0005925900186412036,Bass_drum
f26131d8.wav,Bass_drum,2.7949527066084556e-06,0.9953853487968445,0.0005611803499050438,0.0004340613086242229,0.002063729567453265,2.9296896173036657e-05,3.187891894906869e-10,0.001067943638190627,0.000450579245807603,5.121626145410119e-06,Bass_drum
ce75b5ce.wav,Bass_drum,0.0004754622932523489,0.9591150283813477,0.004385080654174089,5.237659024714958e-06,0.019084598869085312,1.9818309738184325e-05,2.4151227684399146e-09,0.016060732305049896,0.00019407228683121502,0.0006599632324650884,Bass_drum
565f3ee2.wav,Bass_drum,0.024407869204878807,0.4871329367160797,0.4360814392566681,0.009293376468122005,0.027213456109166145,0.0007974053150974214,4.781223196914652e-06,0.010089237242937088,8.495265433339227e-07,0.004978646989911795,Bass_drum
ff11628d.wav,Bass_drum,0.013448411598801613,0.8939715623855591,0.038198865950107574,0.006222353782504797,0.03396286815404892,0.008041410706937313,2.571513959992444e-06,5.150748256710358e-05,0.00012528775550890714,0.005975226406008005,Bass_drum
cdfc8967.wav,Bass_drum,0.009649748913943768,0.6336895227432251,0.09566571563482285,0.0020369566045701504,0.23106417059898376,0.014733588322997093,1.923927447933238e-05,0.0005134543171152472,0.0019154006149619818,0.010712209157645702,Bass_drum
f8a99b37.wav,Bass_drum,0.0017524845898151398,0.9200352430343628,0.025676604360342026,0.0011320229386910796,0.04539327695965767,0.0028793741948902607,6.579271030204836e-07,2.2813372197560966e-05,2.8935046429978684e-05,0.003078439738601446,Bass_drum
809ea09e.wav,Bass_drum,0.0016416549915447831,0.9225031137466431,0.016184644773602486,0.0011104572331532836,0.041456423699855804,0.004502677358686924,8.500566082147998e-07,2.640696766320616e-05,7.296960575331468e-06,0.012566560879349709,Bass_drum
03fc1f96.wav,Bass_drum,0.14470046758651733,0.40070241689682007,0.16740617156028748,0.034583449363708496,0.18651945888996124,0.008698626421391964,6.906177532073343e-07,0.05077190324664116,0.005363054573535919,0.0012538002338260412,Bass_drum
8b6a16de.wav,Bass_drum,6.434713577618822e-05,0.9936968088150024,0.00014296705194283277,3.5967852340945683e-07,0.006040279753506184,3.947844743379392e-05,1.9930979089366474e-09,9.17071974981809e-06,1.635283375378549e-08,6.610107448068447e-06,Bass_drum
7dda9dc2.wav,Bass_drum,0.0682711973786354,0.2722168266773224,0.12654165923595428,0.0026372915599495173,0.4657217264175415,0.004172653891146183,5.531495116883889e-05,0.0003976911830250174,0.053281378000974655,0.006704222410917282,Double_bass
3a9085ca.wav,Bass_drum,0.002696952084079385,0.8743030428886414,0.0019332499941810966,7.35328785594902e-06,0.002472546650096774,2.927162313426379e-05,2.7208575392734247e-09,0.03948473930358887,0.07842285186052322,0.0006500111194327474,Bass_drum
4ba2b70e.wav,Bass_drum,9.89905765891308e-06,0.9804615378379822,1.8524435290601104e-05,3.2358445878344355e-06,6.796417437726632e-05,3.5026239402213832e-06,7.138026281161558e-11,0.01566523127257824,0.0037590221036225557,1.109576624003239e-05,Bass_drum
01c2f88b.wav,Bass_drum,0.0019409892847761512,0.8404634594917297,0.018334629014134407,0.001647893455810845,0.12167426943778992,0.013933729380369186,9.218611580763536e-07,4.668717519962229e-05,5.6546679843449965e-05,0.0019008595263585448,Bass_drum
ce3f3400.wav,Bass_drum,0.07543840259313583,0.5750957727432251,0.22052982449531555,0.0010159825906157494,0.010719799436628819,0.000642869679722935,7.180718966992572e-06,0.05771956220269203,0.0005561516154557467,0.05827444791793823,Bass_drum
6a96272b.wav,Bass_drum,3.564653525245376e-05,0.7833947539329529,0.003388703567907214,0.00021098334400448948,0.21152180433273315,0.0013833403354510665,9.853008187121759e-09,2.0273982954677194e-05,3.1159423087956384e-05,1.336830246145837e-05,Bass_drum
9adffd44.wav,Bass_drum,0.014699805527925491,0.9471290707588196,0.00504643889144063,7.019414624664932e-05,0.03265349566936493,7.599721720907837e-05,1.9294143172032818e-08,7.74454019847326e-05,9.13171547267666e-08,0.0002473815984558314,Bass_drum
7d11b3b4.wav,Bass_drum,0.0001040341958287172,0.9980879426002502,4.657528188545257e-05,2.3003674414212583e-06,0.0017204111209139228,1.584556230227463e-05,3.983232410575965e-09,1.198327481688466e-05,3.350799815393657e-08,1.0893086255236994e-05,Bass_drum
bab98261.wav,Bass_drum,0.0012334720231592655,0.996390700340271,0.0002034576318692416,4.849129254580475e-06,0.0021019980777055025,2.089498593704775e-05,1.365706125966426e-08,1.576843897055369e-05,3.329907372062735e-08,2.8740378184011206e-05,Bass_drum
c11bacda.wav,Bass_drum,0.020115187391638756,0.7646446824073792,0.08946740627288818,0.004465589765459299,0.06937777996063232,0.028256971389055252,0.0005190855590626597,0.0027393086347728968,0.000984457554295659,0.019429398700594902,Bass_drum
9a4bfb69.wav,Bass_drum,0.0022327937185764313,0.4470307230949402,0.26139289140701294,0.00042660970939323306,0.2863749563694,0.0010444344952702522,1.176062482954876e-06,0.00011660665040835738,5.250521280686371e-05,0.0013272868236526847,Bass_drum
18865530.wav,Flute,6.972381015657447e-06,7.448164978995919e-06,8.273895946331322e-05,5.518081525224261e-05,2.6325806175009347e-06,0.9669491648674011,3.394527993805241e-06,5.69624753552489e-05,0.03272751346230507,0.00010809284140123054,Flute
9f6eac9c.wav,Flute,6.48576024104841e-05,7.531372148150695e-08,0.0003148344112560153,0.015738731250166893,3.333047288833768e-06,0.9717295169830322,0.001639059861190617,0.010307530872523785,0.00015291658928617835,4.92988147016149e-05,Flute
07db7f16.wav,Flute,0.000192694686120376,0.009056078270077705,0.007958115078508854,0.028731536120176315,0.015711644664406776,0.9176656603813171,1.595970502421551e-06,2.6801761123351753e-05,0.0007086055120453238,0.01994730532169342,Flute
dc6676ff.wav,Flute,7.352628017542884e-06,2.629815831767246e-08,1.6829399100970477e-05,8.395636541536078e-05,1.6778026079578012e-08,0.9996563792228699,4.7566814487254305e-07,9.760151442606002e-05,3.022412784048356e-06,0.0001343896146863699,Flute
3eaddda8.wav,Flute,0.0007065751124173403,3.753364580916241e-05,0.03131367638707161,0.03329480439424515,0.0002977631811518222,0.925022304058075,3.3274272936978377e-06,0.007256385404616594,1.756904566718731e-05,0.0020500861573964357,Flute
1b93aeba.wav,Flute,8.927152521209791e-05,1.7766209339242778e-06,3.149573603877798e-05,0.00048738441546447575,8.85499503056053e-06,0.9991849660873413,3.612820762555202e-07,1.0409341484773904e-05,0.0001647779281483963,2.0672217942774296e-05,Flute
c683f28f.wav,Flute,1.3099184798193164e-05,7.546038318650972e-07,4.868517748946033e-07,0.0036521221045404673,1.1302517322064887e-07,0.9960970282554626,4.016699082717845e-13,0.00023161013086792082,1.0389624272022502e-08,4.790866569237551e-06,Flute
55d52a69.wav,Flute,0.00011347088729962707,0.00953921303153038,0.0052270907908678055,0.0017517019296064973,0.0061150589026510715,0.9735710024833679,4.284365786588751e-05,0.0006895990809425712,0.00013000333274248987,0.002819910179823637,Flute
ca8653d2.wav,Flute,7.553624163847417e-05,1.2464181054383516e-05,0.0003338351671118289,0.0014719729078933597,2.0071382095920853e-05,0.9959605932235718,4.5533320189861115e-06,0.002015186008065939,4.7421672206837684e-05,5.8473768149269745e-05,Flute
6b27a847.wav,Flute,1.0260289400321199e-06,1.7087477266475304e-10,0.0012950911186635494,0.0017809481360018253,1.9435621823049587e-07,0.9964187741279602,2.6532909032539465e-05,1.004150453809416e-05,8.026567570595944e-07,0.0004667338216677308,Flute
4bcc8a77.wav,Flute,8.605372386227828e-06,1.8938278856239776e-07,9.773958299774677e-05,8.547279867343605e-05,1.2272518006284372e-06,0.9996153712272644,1.8136168122850904e-09,1.9731254724320024e-05,0.0001543577091069892,1.7290924006374553e-05,Flute
84f5b84b.wav,Flute,1.9986971437901957e-06,6.875642156956019e-06,0.0003948691883124411,0.0011914996430277824,6.823649423282063e-10,0.9979907870292664,9.572372755561886e-11,0.0004083177773281932,3.816155640379293e-07,5.275880994304316e-06,Flute
5d73ee6f.wav,Flute,0.0012925221817567945,0.0027668378315865993,0.015381100587546825,0.033809151500463486,0.0026834802702069283,0.904420018196106,0.000985496211796999,0.016739046201109886,0.012839758768677711,0.009082664735615253,Flute
5d040c3b.wav,Flute,0.0006120564648881555,0.0002480086113791913,0.0003314116329420358,6.224946992006153e-05,6.861481961095706e-05,0.9957075119018555,1.1599767049119691e-06,8.699746831553057e-05,0.0026949343737214804,0.0001871450076578185,Flute
6a037ddf.wav,Flute,0.0005837345961481333,0.010697303339838982,0.014972585253417492,0.009319663047790527,0.006653988733887672,0.9464194178581238,0.0009364456054754555,0.0006085034692659974,0.0008038323721848428,0.009004520252346992,Flute
35e97db3.wav,Flute,1.5870580405419332e-09,4.946984349528926e-20,3.7985042888877274e-10,3.43844908101687e-09,2.5996007769954076e-18,0.9999999403953552,4.90218444142351e-20,4.025353658797075e-14,2.4705097298294633e-17,6.721352008298709e-08,Flute
d14f5df1.wav,Flute,0.004623902961611748,4.794220330950338e-06,0.015396283008158207,0.0012725231936201453,6.16643883404322e-05,0.9470672607421875,2.4558908080507535e-06,0.031281229108572006,6.744859274476767e-05,0.00022256019292399287,Flute
9f522cda.wav,Flute,1.6096899457807012e-07,1.1238485697617762e-08,0.0005294563015922904,0.00567164272069931,1.9570873064367333e-06,0.9731252789497375,5.209214214119129e-05,0.018073908984661102,5.141865813129698e-07,0.0025450782850384712,Flute
fe76c972.wav,Flute,4.419391916599125e-05,1.531386146780278e-07,0.014728113077580929,0.012087332084774971,1.2027424418192822e-05,0.9606659412384033,1.1912171693495566e-08,0.012298180721700191,1.010126648992582e-08,0.00016413487901445478,Flute
562d93f5.wav,Flute,0.0010873716091737151,0.0028326993342489004,0.012945977039635181,0.01992093026638031,0.0007073175511322916,0.9505099654197693,1.3579471669800114e-05,0.007287951651960611,0.003682425245642662,0.0010118226055055857,Flute
fa32109e.wav,Flute,3.356290471856482e-05,0.00024240049242507666,0.0019581604283303022,0.018705245107412338,7.967514102347195e-05,0.9434419274330139,4.235367305227555e-05,0.023763233795762062,9.89152686088346e-05,0.011634567752480507,Flute
b4b2b68d.wav,Flute,0.002917206147685647,0.00015206112584564835,0.030214039608836174,0.003976545762270689,0.001962212845683098,0.9562185406684875,9.332983381682425e-07,0.002803735202178359,0.0004649443435482681,0.0012900599977001548,Flute
af227d6f.wav,Flute,0.0003207378613296896,5.066948233434232e-06,0.0166617501527071,0.02147531695663929,0.00013367703650146723,0.939398467540741,1.128808662542724e-06,0.017516054213047028,0.0009244744433090091,0.0035633279476314783,Flute
85d6a7d2.wav,Flute,5.441454050014727e-05,6.733817059512148e-08,0.005825294181704521,0.01143959816545248,8.216312380682211e-06,0.9593172073364258,6.247233130807217e-08,0.023256536573171616,5.683669996869867e-07,9.819078695727512e-05,Flute
3707da71.wav,Flute,0.0001847305247792974,5.671084636560408e-06,0.01743142306804657,0.03414549678564072,0.002259085886180401,0.9428618550300598,0.00022972817532718182,0.00199186522513628,0.0006088422378525138,0.000281379820080474,Flute
61c914b1.wav,Flute,3.1990366551326588e-06,8.99664257758559e-07,0.00036737724440172315,0.025424188002943993,9.661773674451979e-07,0.9677713513374329,2.583178968507127e-07,0.005871336907148361,0.0004824455245397985,7.799689046805725e-05,Flute
f5e20dce.wav,Flute,0.04638320952653885,0.00018879221170209348,0.07203616201877594,0.008199036121368408,0.0074814483523368835,0.8454022407531738,2.334602140763309e-05,0.0039723943918943405,0.0013929420383647084,0.014920596033334732,Flute
b0d9849d.wav,Flute,0.00042704775114543736,0.0031572761945426464,0.005487519316375256,0.0065278043039143085,0.0031057260930538177,0.9749395251274109,8.423179679084569e-05,0.003170674666762352,0.0001975338236661628,0.0029027534183114767,Flute
6ef82473.wav,Flute,0.007852265611290932,5.074158252682537e-06,0.015972286462783813,0.0057099261321127415,0.0002871059987228364,0.9610778093338013,3.977802862209501e-06,0.009028059430420399,1.0035837476607412e-05,5.336267713573761e-05,Flute
8986cced.wav,Flute,3.265449413447641e-05,1.940865786309587e-06,0.0004927556146867573,0.0077732643112540245,1.806306499929633e-06,0.9908292889595032,1.1854314152515144e-06,9.989717364078388e-05,0.0004945293185301125,0.0002728906401898712,Flute
a64a3740.wav,Clarinet,3.6907471523406343e-10,1.793738768629538e-13,1.1349493433954194e-07,0.9748389720916748,2.6410961633839547e-13,0.02303536981344223,3.886841568601085e-07,1.599672749819092e-08,4.599480618594498e-08,0.002125185215845704,Clarinet
ad7ec8cb.wav,Clarinet,1.0052355649270428e-11,6.194258637297602e-17,3.8279850400613213e-08,0.9965345859527588,1.7042930232533083e-16,0.00010342785390093923,1.7702273024181037e-13,1.1356974027876277e-08,6.051482648317119e-10,0.0033620151225477457,Clarinet
8ee44fb5.wav,Clarinet,0.013409527018666267,1.0938535410787154e-08,2.3980332116479985e-05,0.9797476530075073,1.8257043848279864e-05,0.002882169559597969,1.6092240429088633e-08,3.324572162455297e-06,2.1417172320070677e-06,0.003913015592843294,Clarinet
7eb959ec.wav,Clarinet,0.012483026832342148,4.9501512222605015e-08,9.965811477741227e-05,0.964095413684845,6.805651355534792e-05,0.009660674259066582,9.895643415802624e-06,0.0028291523922234774,9.183390830003191e-07,0.010753041133284569,Clarinet
e51e1770.wav,Clarinet,1.5234381578466127e-07,2.9116532102024806e-11,3.464742235337326e-07,0.9998018145561218,6.632661353478397e-08,0.00011284655192866921,1.557991069489617e-08,9.36052231281792e-07,3.6155327620690514e-08,8.40219872770831e-05,Clarinet
3f7e6da8.wav,Clarinet,7.961330993566662e-05,1.0736807276590099e-10,9.0691588638947e-07,0.9999148845672607,9.500485020907945e-07,3.922867790606688e-07,5.402047253966202e-09,5.342712938727345e-09,3.851640713037341e-07,2.968499984490336e-06,Clarinet
3cbe9902.wav,Clarinet,0.0012415110832080245,0.01164267212152481,0.017910342663526535,0.9091295003890991,0.014097988605499268,0.02105105295777321,1.9413977497606538e-05,0.0008501289994455874,0.0005680896574631333,0.02348937653005123,Clarinet
9a722e53.wav,Clarinet,0.00024376112560275942,6.855094714097731e-09,4.157994771958329e-05,0.9740009903907776,0.019415948539972305,0.00010071190627058968,5.890824494869662e-10,0.0061858296394348145,7.818681524440763e-08,1.1467153854027856e-05,Clarinet
19105b8a.wav,Clarinet,0.0014351881109178066,2.46715426328592e-05,0.0008575072861276567,0.9543769359588623,0.004944873973727226,0.003440713509917259,1.8289325680598267e-06,0.0009197417530231178,0.019663063809275627,0.014335517771542072,Clarinet
1f81cc2b.wav,Clarinet,0.00013102195225656033,3.943782189708145e-07,0.0025840867310762405,0.9649035334587097,0.00020525528816506267,0.01985078491270542,3.17000719007865e-08,0.011224856600165367,0.0008753336151130497,0.00022475686273537576,Clarinet
44c5094c.wav,Clarinet,7.751243202847036e-09,6.1884559976466136e-12,4.689320292072807e-07,0.9838188290596008,1.6262593049987117e-08,0.012629867531359196,6.995120455099979e-11,0.003550096182152629,3.0271549156246635e-11,7.921368592178624e-07,Clarinet
5506629f.wav,Clarinet,0.00015521235764026642,1.083517531696998e-06,0.0004003985959570855,0.9945327639579773,1.3884051440982148e-05,0.0010043804068118334,2.4679200905097787e-08,0.0038537210784852505,2.814775325532537e-05,1.0334484613849781e-05,Clarinet
ddf23920.wav,Clarinet,9.569314741650348e-13,4.004283738056926e-17,3.288246341881518e-10,0.9810185432434082,7.44838157470273e-17,0.018938640132546425,8.514808996773482e-11,2.0592866079027772e-08,1.0750441877850625e-13,4.284024907974526e-05,Clarinet
2e1cd085.wav,Clarinet,5.627905252936216e-08,5.867096528934263e-15,1.919092262880895e-08,0.9969889521598816,3.1074420380611256e-12,0.00043668143916875124,7.291081600697196e-17,0.0025725022424012423,1.4367241192303482e-06,4.788940373146033e-07,Clarinet
dc981a38.wav,Clarinet,0.01602301001548767,1.1273492361851822e-07,6.796602974645793e-05,0.866064190864563,0.0016458716709166765,0.10075920820236206,1.3818624022832182e-09,0.015409283339977264,1.0064505886475672e-06,2.9404935048660263e-05,Clarinet
a053797b.wav,Clarinet,6.488790677394718e-05,2.0154043364750684e-11,2.7178006511974218e-09,0.9999192953109741,7.64031574362889e-06,3.477427299003466e-06,6.840095850835226e-11,1.5889243059064029e-06,3.043276592507027e-06,1.0449012677327119e-07,Clarinet
f2310f0d.wav,Clarinet,0.0003399986308068037,0.0005730577977374196,0.002461728872731328,0.9706352949142456,0.0006742345285601914,0.007412719540297985,5.037964729126543e-05,0.0012489815708249807,0.0003036095586139709,0.016299961134791374,Clarinet
ce65d6b5.wav,Clarinet,7.425521289405879e-06,7.743512428493027e-12,1.5961917370077572e-06,0.9562125205993652,1.7513233615318313e-05,0.00010467801621416584,2.0104525683128927e-11,0.043433789163827896,5.846909061801853e-06,0.00021671803551726043,Clarinet
45de3233.wav,Clarinet,0.02126714028418064,0.01601017452776432,0.028916513547301292,0.8973351120948792,0.00992346741259098,0.013702543452382088,0.0033476990647614002,0.002301180036738515,0.0017334914300590754,0.005462815519422293,Clarinet
8916ffcd.wav,Clarinet,5.165603624845971e-07,5.346108268297416e-16,1.4879635301667804e-09,0.9999079704284668,1.200382229171737e-07,8.877275104168802e-05,1.2599302027030412e-13,2.293219722560025e-06,2.5970469264696705e-13,4.6298092115648615e-07,Clarinet
e43f7db2.wav,Clarinet,2.2008412869922722e-09,5.392314402614083e-14,1.0883379218284972e-05,0.9933494329452515,7.34529728707578e-11,0.001000085729174316,8.417784698455666e-12,0.005549018736928701,8.293338238374304e-10,9.066216443898156e-05,Clarinet
3c66098d.wav,Clarinet,6.066601372367586e-07,2.0701242803289333e-11,0.009891743771731853,0.5837386250495911,5.289887283765893e-08,0.4063197672367096,2.09820854024656e-08,8.091174095170572e-07,5.601733619187144e-07,4.786902354680933e-05,Clarinet
ad42e493.wav,Clarinet,1.7612676401768113e-06,7.370523746885738e-08,0.0018293873872607946,0.9874982237815857,1.7920955315275933e-06,0.007260983809828758,4.646362867788412e-05,0.003242335980758071,3.832188303931616e-05,8.083062857622281e-05,Clarinet
740e5bb7.wav,Clarinet,0.000436591129982844,0.002852107398211956,0.027105078101158142,0.8556393980979919,0.017505941912531853,0.0362987257540226,0.00037155827158130705,0.03513902425765991,0.0005686631193384528,0.024082984775304794,Clarinet
800b401e.wav,Clarinet,0.006214628927409649,6.166878301883116e-05,0.034152910113334656,0.9579371809959412,0.00019387670909054577,0.0011730497935786843,2.4819532882247586e-06,0.00010211295011686161,6.214529275894165e-05,0.0001000850461423397,Clarinet
3c713bcf.wav,Clarinet,2.3677704064084537e-07,1.1238103503341534e-10,0.018211696296930313,0.9817865490913391,6.187345036323677e-08,3.564835253655474e-07,1.1403838984236359e-10,8.119812378026836e-07,1.5215672277690828e-08,5.278441790323996e-07,Clarinet
2fc00271.wav,Clarinet,0.0003370095801074058,2.5751495380532674e-10,8.91123909241287e-06,0.9991544485092163,0.00029821842326782644,0.00010183632548432797,4.587626335705863e-06,1.3167214092391077e-05,2.4315719201695174e-05,5.751181743107736e-05,Clarinet
b0c06255.wav,Clarinet,8.062728738877922e-06,6.471876368152607e-10,4.226568489684723e-05,0.9441521167755127,1.7050928363460116e-05,0.02590370923280716,1.0141019579634758e-08,0.028931502252817154,1.5109046671568649e-06,0.0009436791879124939,Clarinet
71c6451f.wav,Clarinet,1.707507024661936e-08,4.246547904984688e-11,1.4041830809219391e-06,0.9565377235412598,5.770022237783223e-10,0.00418363930657506,2.741494808944367e-10,0.03600906953215599,6.819164610760708e-08,0.0032680716831237078,Clarinet
5de123c3.wav,Clarinet,4.067584086442366e-05,1.0248760062836482e-08,0.0002377750352025032,0.9817219376564026,2.147623590076364e-08,0.004131477326154709,1.526261200757162e-10,0.0002298443141626194,1.553375454932393e-06,0.0136368153616786,Clarinet
